{
    "new_010_time_span_length_series": [
        8.44900000000007,
        9.98599999999999,
        8.196000000000026,
        9.475999999999999,
        8.704999999999927,
        8.451000000000022,
        7.425000000000068,
        9.98599999999999,
        8.196000000000026,
        7.427999999999997,
        8.196000000000026,
        9.475999999999999,
        7.67999999999995,
        9.730000000000018,
        9.218000000000075,
        9.47400000000016,
        9.729000000000042,
        8.192000000000007,
        8.192999999999984,
        9.475000000000136,
        9.472999999999956,
        9.217999999999847,
        7.168999999999869,
        8.705999999999904,
        9.728999999999814,
        14.338999999999942,
        8.961000000000013,
        9.218000000000075,
        9.47400000000016,
        6.913000000000011,
        7.170000000000073,
        9.47400000000016,
        9.729000000000042,
        8.192000000000007,
        9.47400000000016,
        9.729000000000042,
        8.192000000000007,
        7.4249999999999545,
        8.961000000000013,
        8.192000000000007,
        8.192999999999984,
        8.707000000000107,
        6.1440000000000055,
        8.192999999999984,
        9.475000000000136,
        9.472999999999956,
        7.169000000000096,
        9.475000000000136,
        9.472999999999956,
        7.425999999999931,
        8.961000000000013,
        9.217999999999847,
        7.168999999999869,
        7.425999999999931,
        7.9379999999998745,
        7.168999999999869,
        8.705999999999904,
        9.21699999999987,
        4.352999999999838,
        8.705999999999904,
        9.728999999999814,
        7.4249999999999545,
        9.728999999999814,
        14.083000000000084
    ],
    "new_01_time_span_length_series": [
        5.888000000000034,
        7.682000000000016,
        6.148000000000025,
        7.427999999999997,
        6.148000000000025,
        7.427000000000021,
        4.864000000000033,
        7.682000000000016,
        6.148000000000025,
        7.427999999999997,
        6.148000000000025,
        7.427999999999997,
        6.148000000000025,
        6.402000000000044,
        6.402000000000044,
        6.401000000000067,
        6.402000000000044,
        4.864000000000033,
        6.399999999999864,
        5.891000000000076,
        6.402000000000044,
        6.401000000000067,
        5.375999999999976,
        5.891000000000076,
        6.656999999999925,
        12.29099999999994,
        6.401000000000067,
        5.633000000000038,
        5.633000000000038,
        6.401000000000067,
        5.633000000000038,
        4.608999999999924,
        6.401000000000067,
        4.608999999999924,
        4.864000000000033,
        3.3279999999999745,
        6.401000000000067,
        6.401000000000067,
        4.864000000000033,
        6.399999999999864,
        5.633000000000038,
        4.864000000000033,
        6.399999999999864,
        5.891000000000076,
        2.816000000000031,
        6.399999999999864,
        5.891000000000076,
        6.912000000000035,
        3.5850000000000364,
        5.375999999999976,
        5.891000000000076,
        6.912000000000035,
        6.145999999999958,
        6.400000000000091,
        6.145999999999958,
        5.375999999999976,
        5.8900000000001,
        4.8659999999999854,
        5.375999999999976,
        5.8900000000001,
        6.656999999999925,
        2.5599999999999454,
        5.8900000000001,
        6.656999999999925,
        10.241999999999962,
        4.609000000000151,
        6.656999999999925,
        12.29099999999994
    ],
    "new_10_time_span_length_series": [
        5.631999999999948,
        5.633000000000038,
        5.633000000000038,
        5.892000000000053,
        5.892000000000053,
        5.631999999999948,
        5.6340000000000146,
        5.633000000000038,
        5.633000000000038,
        5.892000000000053,
        5.3799999999999955,
        6.912000000000035,
        5.892000000000053,
        5.892000000000053,
        5.892000000000053,
        6.144999999999982,
        6.656999999999925,
        5.8900000000001,
        6.144999999999982,
        6.656999999999925,
        6.656999999999925,
        4.865000000000009,
        7.682000000000016,
        5.8900000000001,
        6.144999999999982,
        4.865000000000009,
        6.913000000000011,
        6.144999999999982,
        11.267000000000053,
        6.656999999999925,
        5.8900000000001,
        6.913000000000011,
        3.839999999999918,
        5.8900000000001,
        6.913000000000011,
        6.655999999999949,
        6.655999999999949,
        3.3290000000001783,
        6.913000000000011,
        6.655999999999949,
        6.655999999999949,
        4.09699999999998,
        6.655999999999949,
        6.655999999999949,
        4.865000000000009,
        6.913999999999987,
        4.864000000000033,
        4.865000000000009,
        7.682000000000016,
        5.888999999999896,
        4.865000000000009,
        7.682000000000016,
        5.888999999999896,
        4.865000000000009,
        5.888999999999896,
        4.607999999999947,
        4.09699999999998,
        4.09699999999998,
        6.656999999999925,
        4.09699999999998,
        6.913000000000011,
        6.913000000000011,
        4.09699999999998,
        6.913000000000011,
        6.913000000000011,
        6.913000000000011,
        6.913000000000011,
        11.011000000000195
    ]
}