{
    "new_010_time_span_length_series": [
        9.216999999999985,
        7.937000000000012,
        8.448999999999955,
        9.47199999999998,
        8.193000000000097,
        9.984000000000037,
        7.425000000000068,
        8.448999999999955,
        9.47199999999998,
        6.401000000000067,
        9.47199999999998,
        8.193000000000097,
        8.447999999999979,
        8.448999999999842,
        7.680999999999813,
        8.960000000000036,
        9.984000000000151,
        12.801000000000158,
        8.704000000000178,
        8.959999999999809,
        8.448000000000093,
        13.314000000000078,
        8.704999999999927,
        14.339999999999918,
        8.19399999999996,
        8.960000000000036,
        9.984000000000151,
        10.240999999999985,
        6.655999999999949,
        9.984000000000151,
        12.801000000000158,
        9.984000000000151,
        12.801000000000158,
        7.680000000000064,
        12.545000000000073,
        8.704000000000178,
        8.70399999999995,
        7.16800000000012,
        8.959999999999809,
        8.448000000000093,
        8.448000000000093,
        13.314000000000078,
        7.4249999999999545,
        12.289999999999964,
        8.704999999999927,
        8.704999999999927,
        12.803000000000111,
        7.423999999999978,
        14.339999999999918,
        8.19399999999996
    ],
    "new_01_time_span_length_series": [
        6.913000000000011,
        5.88900000000001,
        6.400999999999954,
        7.423999999999978,
        5.633000000000038,
        7.423999999999978,
        4.608000000000061,
        5.377000000000066,
        6.400999999999954,
        7.423999999999978,
        5.633000000000038,
        7.423999999999978,
        5.633000000000038,
        7.423999999999978,
        6.912000000000035,
        5.120999999999867,
        5.120999999999867,
        7.423999999999978,
        10.240999999999985,
        6.656000000000176,
        6.912000000000035,
        6.656000000000176,
        11.2650000000001,
        6.656000000000176,
        12.29099999999994,
        5.120999999999867,
        3.0720000000001164,
        6.1440000000000055,
        7.423999999999978,
        10.240999999999985,
        3.839999999999918,
        7.423999999999978,
        10.240999999999985,
        3.8400000000001455,
        7.423999999999978,
        10.240999999999985,
        6.656000000000176,
        9.9849999999999,
        6.656000000000176,
        6.911999999999807,
        5.120000000000118,
        6.911999999999807,
        5.120000000000118,
        7.16800000000012,
        6.1440000000000055,
        11.2650000000001,
        6.1440000000000055,
        10.240999999999985,
        6.144999999999982,
        8.962999999999965,
        6.144999999999982,
        12.29099999999994,
        4.864000000000033,
        12.29099999999994,
        5.6340000000000146,
        2.5599999999999454
    ],
    "new_10_time_span_length_series": [
        2.5599999999999454,
        2.5599999999999454,
        5.633000000000038,
        5.633000000000038,
        5.633000000000038,
        6.1450000000000955,
        6.1450000000000955,
        5.633000000000038,
        5.633000000000038,
        5.633000000000038,
        4.3530000000000655,
        6.144999999999982,
        6.144999999999982,
        6.1450000000000955,
        5.88799999999992,
        3.0720000000001164,
        6.40099999999984,
        6.1440000000000055,
        6.400000000000091,
        6.1440000000000055,
        6.1440000000000055,
        3.0720000000001164,
        3.0720000000001164,
        6.400000000000091,
        3.0720000000001164,
        6.1440000000000055,
        3.0720000000001164,
        6.1440000000000055,
        4.096000000000004,
        6.400000000000091,
        4.096000000000004,
        7.680999999999813,
        6.400000000000091,
        7.16800000000012,
        7.16800000000012,
        7.16800000000012,
        7.16800000000012,
        5.119999999999891,
        10.240999999999985,
        6.1440000000000055,
        6.1440000000000055,
        6.1440000000000055,
        6.1440000000000055,
        6.400000000000091,
        2.5599999999999454,
        6.400000000000091,
        2.5599999999999454,
        5.375999999999976,
        11.009999999999991,
        6.655999999999949,
        8.450000000000045,
        6.655999999999949,
        10.243000000000166,
        6.655999999999949,
        11.779999999999973,
        6.655999999999949
    ]
}