{
    "new_010_time_span_length_series": [
        9.475000000000023,
        8.961999999999989,
        9.988000000000056,
        7.940000000000055,
        7.169999999999959,
        5.6340000000000146,
        6.913999999999987,
        8.706000000000017,
        8.961999999999989,
        9.988000000000056,
        6.40300000000002,
        6.913999999999987,
        9.988000000000056,
        7.940000000000055,
        7.169999999999959,
        9.473999999999933,
        8.704999999999927,
        9.473000000000184,
        14.341000000000122,
        6.913999999999987,
        9.730000000000018,
        6.403999999999996,
        4.352000000000089,
        9.218000000000075,
        6.144999999999982,
        5.120999999999867,
        8.704999999999927,
        12.545000000000073,
        8.961999999999989,
        8.704999999999927,
        9.473000000000184,
        7.168999999999869,
        9.473000000000184,
        14.085000000000036,
        9.473000000000184,
        14.341000000000122,
        4.865000000000009,
        14.085000000000036,
        6.913999999999987,
        8.19399999999996,
        6.913999999999987,
        9.730000000000018,
        6.403999999999996,
        3.58400000000006,
        9.730000000000018,
        6.403999999999996,
        4.352000000000089,
        7.682000000000016,
        7.9370000000001255,
        6.403999999999996,
        4.352000000000089,
        9.218000000000075,
        4.864000000000033,
        6.403999999999996,
        4.352000000000089,
        9.218000000000075,
        6.144999999999982,
        4.09699999999998,
        3.0720000000001164,
        9.218000000000075,
        6.144999999999982,
        5.120999999999867,
        8.448999999999842
    ],
    "new_01_time_span_length_series": [
        6.40300000000002,
        4.09699999999998,
        7.425999999999931,
        4.09699999999998,
        5.121999999999957,
        3.5860000000000127,
        5.889999999999986,
        5.6340000000000146,
        6.144999999999982,
        7.425999999999931,
        6.144999999999982,
        4.09699999999998,
        7.425999999999931,
        4.09699999999998,
        5.121999999999957,
        3.328999999999951,
        6.913999999999987,
        7.679999999999836,
        6.913999999999987,
        13.06100000000015,
        7.679999999999836,
        7.938000000000102,
        4.611999999999853,
        3.58400000000006,
        6.657999999999902,
        4.608000000000175,
        3.58400000000006,
        6.144999999999982,
        10.240999999999985,
        6.655999999999949,
        6.402000000000044,
        5.888999999999896,
        6.402000000000044,
        6.402000000000044,
        4.352999999999838,
        6.913000000000011,
        13.06100000000015,
        6.913000000000011,
        13.06100000000015,
        4.608999999999924,
        12.805000000000064,
        4.608999999999924,
        7.938000000000102,
        4.608999999999924,
        7.938000000000102,
        4.611999999999853,
        3.58400000000006,
        7.938000000000102,
        4.611999999999853,
        3.58400000000006,
        6.657999999999902,
        6.145000000000209,
        4.611999999999853,
        3.58400000000006,
        6.657999999999902,
        4.608000000000175,
        4.611999999999853,
        3.58400000000006,
        6.657999999999902,
        3.0730000000000928,
        3.58400000000006,
        2.3040000000000873,
        6.657999999999902,
        4.608000000000175,
        2.3040000000000873,
        6.144999999999982
    ],
    "new_10_time_span_length_series": [
        5.889999999999986,
        6.6580000000000155,
        5.889999999999986,
        7.171000000000049,
        5.377999999999929,
        4.865000000000009,
        4.865000000000009,
        4.8659999999999854,
        6.6580000000000155,
        5.889999999999986,
        7.171000000000049,
        3.8409999999998945,
        5.889999999999986,
        7.171000000000049,
        5.377999999999929,
        4.865000000000009,
        6.144999999999982,
        6.144999999999982,
        6.144999999999982,
        6.144999999999982,
        11.780999999999949,
        5.6340000000000146,
        7.4249999999999545,
        4.61200000000008,
        2.5599999999999454,
        6.144999999999982,
        7.4249999999999545,
        4.61200000000008,
        6.144999999999982,
        5.6340000000000146,
        6.656999999999925,
        6.144999999999982,
        6.656999999999925,
        6.144999999999982,
        6.657000000000153,
        11.524999999999864,
        3.328999999999951,
        6.657000000000153,
        11.780999999999949,
        3.5850000000000364,
        11.780999999999949,
        2.5599999999999454,
        5.888999999999896,
        6.401000000000067,
        5.6340000000000146,
        7.4249999999999545,
        4.61200000000008,
        1.7919999999999163,
        4.354000000000042,
        7.4249999999999545,
        4.61200000000008,
        2.5599999999999454,
        6.913999999999987,
        7.4249999999999545,
        4.61200000000008,
        2.5599999999999454,
        8.450000000000045,
        0.7680000000000291,
        4.09699999999998,
        4.61200000000008,
        2.5599999999999454,
        8.450000000000045,
        4.09699999999998,
        2.560000000000173,
        2.5599999999999454,
        8.450000000000045,
        3.584999999999809,
        3.58400000000006,
        8.450000000000045
    ]
}