{
    "new_010_time_span_length_series": [
        3.3299999999999272,
        1.5369999999999209,
        5.8940000000000055,
        7.426000000000045,
        8.70399999999995,
        7.939000000000078,
        8.961000000000013,
        8.450000000000045,
        7.935999999999922,
        7.939000000000078,
        8.961000000000013,
        4.355000000000018,
        6.144999999999982,
        7.940000000000055,
        7.939000000000078,
        7.68100000000004,
        19.46199999999999,
        8.707000000000107,
        7.171000000000049,
        13.31899999999996,
        5.889000000000124,
        4.8659999999999854,
        11.010999999999967,
        7.68100000000004,
        17.92599999999993,
        6.144999999999982,
        19.46199999999999,
        19.20600000000013,
        7.682999999999993,
        12.807000000000016,
        5.889000000000124,
        4.8659999999999854,
        5.889000000000124,
        4.8659999999999854,
        9.98700000000008
    ],
    "new_01_time_span_length_series": [
        3.0739999999999554,
        0.5119999999999436,
        4.8700000000000045,
        5.378000000000043,
        6.655999999999949,
        4.8700000000000045,
        7.67999999999995,
        7.67999999999995,
        2.562000000000012,
        5.88799999999992,
        5.891000000000076,
        7.67999999999995,
        5.88900000000001,
        3.8430000000000746,
        4.608999999999924,
        6.403999999999996,
        6.1469999999999345,
        5.120000000000118,
        17.92599999999993,
        7.170000000000073,
        5.378999999999905,
        12.038999999999987,
        3.8430000000000746,
        3.3299999999999272,
        8.961000000000013,
        8.708000000000084,
        5.120000000000118,
        17.92599999999993,
        3.58400000000006,
        17.92599999999993,
        3.8420000000000982,
        17.670000000000073,
        7.170000000000073,
        11.527000000000044,
        4.352000000000089,
        3.3299999999999272,
        6.144999999999982,
        4.352000000000089,
        3.3299999999999272,
        8.961000000000013
    ],
    "new_10_time_span_length_series": [
        1.7919999999999163,
        2.30600000000004,
        1.7919999999999163,
        1.7919999999999163,
        6.402000000000044,
        6.402000000000044,
        6.402000000000044,
        6.913000000000011,
        7.168999999999983,
        6.655999999999949,
        6.655999999999949,
        5.88799999999992,
        1.2799999999999727,
        3.586999999999989,
        5.633000000000038,
        5.633000000000038,
        6.40300000000002,
        5.888999999999896,
        5.633000000000038,
        5.633000000000038,
        6.40300000000002,
        11.526999999999816,
        5.633000000000038,
        5.633000000000038,
        9.474999999999909,
        4.096000000000004,
        5.888999999999896,
        15.365000000000009,
        5.888999999999896,
        16.901000000000067,
        16.901000000000067,
        6.1469999999999345,
        5.889000000000124,
        4.609000000000151,
        4.609000000000151,
        8.963999999999942,
        4.609000000000151,
        4.609000000000151,
        8.963999999999942
    ]
}